Date,Close
4/1/2010,7.64
5/1/2010,7.66
6/1/2010,7.53
7/1/2010,7.52
8/1/2010,7.57
11/1/2010,7.50
12/1/2010,7.42
13/1/2010,7.52
14/1/2010,7.48
15/1/2010,7.35
19/1/2010,7.68
20/1/2010,7.56
21/1/2010,7.43
22/1/2010,7.06
25/1/2010,7.25
26/1/2010,7.36
27/1/2010,7.42
28/1/2010,7.12
29/1/2010,6.86
1/2/2010,6.95
2/2/2010,7.00
3/2/2010,7.12
4/2/2010,6.86
5/2/2010,6.98
8/2/2010,6.93
9/2/2010,7.01
10/2/2010,6.97
11/2/2010,7.10
12/2/2010,7.16
16/2/2010,7.26
17/2/2010,7.23
18/2/2010,7.25
19/2/2010,7.20
22/2/2010,7.16
23/2/2010,7.04
24/2/2010,7.17
25/2/2010,7.21
26/2/2010,7.31
1/3/2010,7.46
2/3/2010,7.46
3/3/2010,7.48
4/3/2010,7.53
5/3/2010,7.82
8/3/2010,7.82
9/3/2010,7.97
10/3/2010,8.03
11/3/2010,8.05
12/3/2010,8.09
15/3/2010,7.99
16/3/2010,8.02
17/3/2010,8.00
18/3/2010,8.02
19/3/2010,7.94
22/3/2010,8.03
23/3/2010,8.16
24/3/2010,8.19
25/3/2010,8.09
26/3/2010,8.25
29/3/2010,8.30
30/3/2010,8.42
31/3/2010,8.39
1/4/2010,8.43
5/4/2010,8.52
6/4/2010,8.56
7/4/2010,8.59
8/4/2010,8.57
9/4/2010,8.64
12/4/2010,8.65
13/4/2010,8.66
14/4/2010,8.77
15/4/2010,8.89
16/4/2010,8.84
19/4/2010,8.82
20/4/2010,8.74
21/4/2010,9.26
22/4/2010,9.52
23/4/2010,9.67
26/4/2010,9.63
27/4/2010,9.36
28/4/2010,9.34
29/4/2010,9.59
30/4/2010,9.32
3/5/2010,9.51
4/5/2010,9.24
5/5/2010,9.14
6/5/2010,8.79
7/5/2010,8.42
10/5/2010,9.07
11/5/2010,9.16
12/5/2010,9.36
13/5/2010,9.23
14/5/2010,9.07
17/5/2010,9.08
18/5/2010,9.01
19/5/2010,8.87
20/5/2010,8.49
21/5/2010,8.65
24/5/2010,8.81
25/5/2010,8.76
26/5/2010,8.72
27/5/2010,9.05
28/5/2010,9.17
1/6/2010,9.32
2/6/2010,9.43
3/6/2010,9.40
4/6/2010,9.14
7/6/2010,8.96
8/6/2010,8.90
9/6/2010,8.69
10/6/2010,8.95
11/6/2010,9.05
14/6/2010,9.08
15/6/2010,9.27
16/6/2010,9.54
17/6/2010,9.71
18/6/2010,9.79
21/6/2010,9.65
22/6/2010,9.78
23/6/2010,9.68
24/6/2010,9.61
25/6/2010,9.53
28/6/2010,9.58
29/6/2010,9.15
30/6/2010,8.98
1/7/2010,8.87
2/7/2010,8.82
6/7/2010,8.88
7/7/2010,9.24
8/7/2010,9.22
9/7/2010,9.27
12/7/2010,9.19
13/7/2010,8.99
14/7/2010,9.03
15/7/2010,8.98
16/7/2010,8.93
19/7/2010,8.77
20/7/2010,9.00
21/7/2010,9.08
22/7/2010,9.25
23/7/2010,9.28
26/7/2010,9.26
27/7/2010,9.43
28/7/2010,9.32
29/7/2010,9.22
30/7/2010,9.19
2/8/2010,9.35
3/8/2010,9.35
4/8/2010,9.39
5/8/2010,9.35
6/8/2010,9.29
9/8/2010,9.35
10/8/2010,9.26
11/8/2010,8.94
12/8/2010,8.99
13/8/2010,8.90
16/8/2010,8.84
17/8/2010,9.00
18/8/2010,9.04
19/8/2010,8.92
20/8/2010,8.92
23/8/2010,8.78
24/8/2010,8.57
25/8/2010,8.67
26/8/2010,8.58
27/8/2010,8.63
30/8/2010,8.66
31/8/2010,8.68
1/9/2010,8.94
2/9/2010,9.01
3/9/2010,9.24
7/9/2010,9.21
8/9/2010,9.39
9/9/2010,9.40
10/9/2010,9.41
13/9/2010,9.54
14/9/2010,9.57
15/9/2010,9.65
16/9/2010,9.88
17/9/2010,9.83
20/9/2010,10.12
21/9/2010,10.13
22/9/2010,10.28
23/9/2010,10.32
24/9/2010,10.44
27/9/2010,10.40
28/9/2010,10.25
29/9/2010,10.26
30/9/2010,10.13
1/10/2010,10.09
4/10/2010,9.95
5/10/2010,10.32
6/10/2010,10.33
7/10/2010,10.33
8/10/2010,10.50
11/10/2010,10.55
12/10/2010,10.66
13/10/2010,10.72
14/10/2010,10.80
15/10/2010,11.24
18/10/2010,11.36
19/10/2010,11.05
20/10/2010,11.09
21/10/2010,11.05
22/10/2010,10.98
25/10/2010,11.03
26/10/2010,11.00
27/10/2010,10.99
28/10/2010,10.90
29/10/2010,10.75
1/11/2010,10.86
2/11/2010,11.05
3/11/2010,11.17
4/11/2010,11.37
5/11/2010,11.33
8/11/2010,11.38
9/11/2010,11.29
10/11/2010,11.36
11/11/2010,11.31
12/11/2010,11.00
15/11/2010,10.97
16/11/2010,10.77
17/11/2010,10.73
18/11/2010,11.02
19/11/2010,10.95
22/11/2010,11.19
23/11/2010,11.03
24/11/2010,11.24
26/11/2010,11.28
29/11/2010,11.32
30/11/2010,11.11
1/12/2010,11.30
2/12/2010,11.36
3/12/2010,11.34
6/12/2010,11.43
7/12/2010,11.36
8/12/2010,11.46
9/12/2010,11.42
10/12/2010,11.45
13/12/2010,11.49
14/12/2010,11.44
15/12/2010,11.44
16/12/2010,11.47
17/12/2010,11.45
20/12/2010,11.51
21/12/2010,11.58
22/12/2010,11.61
23/12/2010,11.56
27/12/2010,11.60
28/12/2010,11.62
29/12/2010,11.62
30/12/2010,11.56
31/12/2010,11.52
3/1/2011,11.77
4/1/2011,11.83
5/1/2011,11.93
6/1/2011,11.92
7/1/2011,12.00
10/1/2011,12.23
11/1/2011,12.20
12/1/2011,12.30
13/1/2011,12.35
14/1/2011,12.45
18/1/2011,12.17
19/1/2011,12.10
20/1/2011,11.88
21/1/2011,11.67
24/1/2011,12.05
25/1/2011,12.19
26/1/2011,12.28
27/1/2011,12.26
28/1/2011,12.00
31/1/2011,12.12
1/2/2011,12.32
2/2/2011,12.30
3/2/2011,12.27
4/2/2011,12.38
7/2/2011,12.57
8/2/2011,12.69
9/2/2011,12.79
10/2/2011,12.66
11/2/2011,12.74
14/2/2011,12.83
15/2/2011,12.85
16/2/2011,12.97
17/2/2011,12.80
18/2/2011,12.52
22/2/2011,12.09
23/2/2011,12.24
24/2/2011,12.25
25/2/2011,12.43
28/2/2011,12.61
1/3/2011,12.48
2/3/2011,12.58
3/3/2011,12.84
4/3/2011,12.86
7/3/2011,12.69
8/3/2011,12.71
9/3/2011,12.59
10/3/2011,12.38
11/3/2011,12.57
14/3/2011,12.63
15/3/2011,12.34
16/3/2011,11.79
17/3/2011,11.95
18/3/2011,11.81
21/3/2011,12.12
22/3/2011,12.19
23/3/2011,12.11
24/3/2011,12.32
25/3/2011,12.56
28/3/2011,12.52
29/3/2011,12.53
30/3/2011,12.45
31/3/2011,12.45
1/4/2011,12.31
4/4/2011,12.19
5/4/2011,12.10
6/4/2011,12.07
7/4/2011,12.07
8/4/2011,11.97
11/4/2011,11.81
12/4/2011,11.87
13/4/2011,12.00
14/4/2011,11.87
15/4/2011,11.70
18/4/2011,11.85
19/4/2011,12.07
20/4/2011,12.23
21/4/2011,12.52
25/4/2011,12.61
26/4/2011,12.52
27/4/2011,12.51
28/4/2011,12.38
29/4/2011,12.50
2/5/2011,12.37
3/5/2011,12.44
4/5/2011,12.48
5/5/2011,12.38
6/5/2011,12.38
9/5/2011,12.41
10/5/2011,12.48
11/5/2011,12.40
12/5/2011,12.38
13/5/2011,12.16
16/5/2011,11.90
17/5/2011,12.01
18/5/2011,12.14
19/5/2011,12.16
20/5/2011,11.97
23/5/2011,11.94
24/5/2011,11.86
25/5/2011,12.03
26/5/2011,11.96
27/5/2011,12.05
31/5/2011,12.42
1/6/2011,12.34
2/6/2011,12.36
3/6/2011,12.27
6/6/2011,12.07
7/6/2011,11.86
8/6/2011,11.87
9/6/2011,11.84
10/6/2011,11.64
13/6/2011,11.66
14/6/2011,11.87
15/6/2011,11.67
16/6/2011,11.61
17/6/2011,11.44
20/6/2011,11.26
21/6/2011,11.62
22/6/2011,11.52
23/6/2011,11.83
24/6/2011,11.66
27/6/2011,11.86
28/6/2011,11.97
29/6/2011,11.93
30/6/2011,11.99
1/7/2011,12.26
5/7/2011,12.48
6/7/2011,12.56
7/7/2011,12.76
8/7/2011,12.85
11/7/2011,12.64
12/7/2011,12.63
13/7/2011,12.79
14/7/2011,12.78
15/7/2011,13.03
18/7/2011,13.35
19/7/2011,13.46
20/7/2011,13.82
21/7/2011,13.83
22/7/2011,14.05
25/7/2011,14.23
26/7/2011,14.41
27/7/2011,14.02
28/7/2011,13.99
29/7/2011,13.95
1/8/2011,14.17
2/8/2011,13.89
3/8/2011,14.02
4/8/2011,13.48
5/8/2011,13.34
8/8/2011,12.61
9/8/2011,13.36
10/8/2011,12.99
11/8/2011,13.35
12/8/2011,13.46
15/8/2011,13.69
16/8/2011,13.59
17/8/2011,13.59
18/8/2011,13.07
19/8/2011,12.72
22/8/2011,12.73
23/8/2011,13.34
24/8/2011,13.44
25/8/2011,13.35
26/8/2011,13.70
29/8/2011,13.93
30/8/2011,13.93
31/8/2011,13.74
1/9/2011,13.61
2/9/2011,13.36
6/9/2011,13.56
7/9/2011,13.71
8/9/2011,13.72
9/9/2011,13.48
12/9/2011,13.57
13/9/2011,13.74
14/9/2011,13.90
15/9/2011,14.03
16/9/2011,14.30
19/9/2011,14.70
20/9/2011,14.77
21/9/2011,14.72
22/9/2011,14.35
23/9/2011,14.44
26/9/2011,14.40
27/9/2011,14.26
28/9/2011,14.18
29/9/2011,13.95
30/9/2011,13.62
3/10/2011,13.38
4/10/2011,13.30
5/10/2011,13.51
6/10/2011,13.48
7/10/2011,13.21
10/10/2011,13.89
11/10/2011,14.30
12/10/2011,14.36
13/10/2011,14.59
14/10/2011,15.07
17/10/2011,15.00
18/10/2011,15.08
19/10/2011,14.24
20/10/2011,14.12
21/10/2011,14.03
24/10/2011,14.49
25/10/2011,14.21
26/10/2011,14.31
27/10/2011,14.45
28/10/2011,14.46
31/10/2011,14.46
1/11/2011,14.16
2/11/2011,14.19
3/11/2011,14.40
4/11/2011,14.29
7/11/2011,14.28
8/11/2011,14.51
9/11/2011,14.12
10/11/2011,13.76
11/11/2011,13.74
14/11/2011,13.55
15/11/2011,13.89
16/11/2011,13.74
17/11/2011,13.48
18/11/2011,13.39
21/11/2011,13.18
22/11/2011,13.45
23/11/2011,13.11
25/11/2011,12.98
28/11/2011,13.43
29/11/2011,13.33
30/11/2011,13.65
1/12/2011,13.85
2/12/2011,13.92
5/12/2011,14.04
6/12/2011,13.96
7/12/2011,13.90
8/12/2011,13.95
9/12/2011,14.06
12/12/2011,13.99
13/12/2011,13.89
14/12/2011,13.58
15/12/2011,13.53
16/12/2011,13.61
19/12/2011,13.65
20/12/2011,14.14
21/12/2011,14.16
22/12/2011,14.23
23/12/2011,14.40
27/12/2011,14.52
28/12/2011,14.38
29/12/2011,14.47
30/12/2011,14.46
3/1/2012,14.69
4/1/2012,14.77
5/1/2012,14.93
6/1/2012,15.09
9/1/2012,15.06
10/1/2012,15.12
11/1/2012,15.09
12/1/2012,15.05
13/1/2012,14.99
17/1/2012,15.17
18/1/2012,15.33
19/1/2012,15.28
20/1/2012,15.01
23/1/2012,15.26
24/1/2012,15.01
25/1/2012,15.95
26/1/2012,15.88
27/1/2012,15.97
30/1/2012,16.18
31/1/2012,16.30
1/2/2012,16.29
2/2/2012,16.25
3/2/2012,16.42
6/2/2012,16.57
7/2/2012,16.74
8/2/2012,17.02
9/2/2012,17.61
10/2/2012,17.62
13/2/2012,17.95
14/2/2012,18.20
15/2/2012,17.77
16/2/2012,17.94
17/2/2012,17.93
21/2/2012,18.39
22/2/2012,18.32
23/2/2012,18.44
24/2/2012,18.66
27/2/2012,18.78
28/2/2012,19.12
29/2/2012,19.37
1/3/2012,19.45
2/3/2012,19.47
5/3/2012,19.04
6/3/2012,18.94
7/3/2012,18.95
8/3/2012,19.36
9/3/2012,19.47
12/3/2012,19.71
13/3/2012,20.29
14/3/2012,21.06
15/3/2012,20.91
16/3/2012,20.91
19/3/2012,21.47
20/3/2012,21.64
21/3/2012,21.52
22/3/2012,21.41
23/3/2012,21.29
26/3/2012,21.68
27/3/2012,21.95
28/3/2012,22.06
29/3/2012,21.78
30/3/2012,21.41
2/4/2012,22.09
3/4/2012,22.48
4/4/2012,22.30
5/4/2012,22.63
9/4/2012,22.72
10/4/2012,22.44
11/4/2012,22.36
12/4/2012,22.24
13/4/2012,21.62
16/4/2012,20.72
17/4/2012,21.78
18/4/2012,21.73
19/4/2012,20.98
20/4/2012,20.46
23/4/2012,20.42
24/4/2012,20.01
25/4/2012,21.79
26/4/2012,21.70
27/4/2012,21.54
30/4/2012,20.86
1/5/2012,20.79
2/5/2012,20.93
3/5/2012,20.78
4/5/2012,20.19
7/5/2012,20.34
8/5/2012,20.29
9/5/2012,20.33
10/5/2012,20.38
11/5/2012,20.24
14/5/2012,19.94
15/5/2012,19.76
16/5/2012,19.50
17/5/2012,18.93
18/5/2012,18.94
21/5/2012,20.05
22/5/2012,19.89
23/5/2012,20.38
24/5/2012,20.19
25/5/2012,20.08
29/5/2012,20.44
30/5/2012,20.68
31/5/2012,20.63
1/6/2012,20.04
4/6/2012,20.15
5/6/2012,20.10
6/6/2012,20.41
7/6/2012,20.42
8/6/2012,20.73
11/6/2012,20.40
12/6/2012,20.58
13/6/2012,20.43
14/6/2012,20.41
15/6/2012,20.50
18/6/2012,20.92
19/6/2012,20.98
20/6/2012,20.92
21/6/2012,20.63
22/6/2012,20.79
25/6/2012,20.38
26/6/2012,20.43
27/6/2012,20.52
28/6/2012,20.32
29/6/2012,20.86
2/7/2012,21.16
3/7/2012,21.41
5/7/2012,21.78
6/7/2012,21.64
9/7/2012,21.92
10/7/2012,21.72
11/7/2012,21.59
12/7/2012,21.39
13/7/2012,21.61
16/7/2012,21.68
17/7/2012,21.68
18/7/2012,21.65
19/7/2012,21.94
20/7/2012,21.58
23/7/2012,21.57
24/7/2012,21.46
25/7/2012,20.53
26/7/2012,20.53
27/7/2012,20.90
30/7/2012,21.25
31/7/2012,21.81
1/8/2012,21.67
2/8/2012,21.71
3/8/2012,21.99
6/8/2012,22.23
7/8/2012,22.18
8/8/2012,22.14
9/8/2012,22.17
10/8/2012,22.20
13/8/2012,22.50
14/8/2012,22.56
15/8/2012,22.53
16/8/2012,22.73
17/8/2012,23.15
20/8/2012,23.76
21/8/2012,23.43
22/8/2012,23.89
23/8/2012,23.67
24/8/2012,23.69
27/8/2012,24.13
28/8/2012,24.10
29/8/2012,24.05
30/8/2012,23.71
31/8/2012,23.76
4/9/2012,24.11
5/9/2012,23.94
6/9/2012,24.15
7/9/2012,24.30
10/9/2012,23.67
11/9/2012,23.59
12/9/2012,23.92
13/9/2012,24.39
14/9/2012,24.69
17/9/2012,24.99
18/9/2012,25.07
19/9/2012,25.08
20/9/2012,24.95
21/9/2012,25.00
24/9/2012,24.67
25/9/2012,24.06
26/9/2012,23.76
27/9/2012,24.33
28/9/2012,23.83
1/10/2012,23.55
2/10/2012,23.62
3/10/2012,23.98
4/10/2012,23.81
5/10/2012,23.31
8/10/2012,22.79
9/10/2012,22.71
10/10/2012,22.89
11/10/2012,22.43
12/10/2012,22.49
15/10/2012,22.67
16/10/2012,23.21
17/10/2012,23.02
18/10/2012,22.59
19/10/2012,21.78
22/10/2012,22.64
23/10/2012,21.91
24/10/2012,22.03
25/10/2012,21.77
26/10/2012,21.57
31/10/2012,21.26
1/11/2012,21.31
2/11/2012,20.60
5/11/2012,20.88
6/11/2012,20.82
7/11/2012,19.93
8/11/2012,19.21
9/11/2012,19.54
12/11/2012,19.39
13/11/2012,19.39
14/11/2012,19.17
15/11/2012,18.77
16/11/2012,18.85
19/11/2012,20.20
20/11/2012,20.03
21/11/2012,20.06
23/11/2012,20.41
26/11/2012,21.05
27/11/2012,20.89
28/11/2012,20.82
29/11/2012,21.05
30/11/2012,20.90
3/12/2012,20.94
4/12/2012,20.57
5/12/2012,19.24
6/12/2012,19.54
7/12/2012,19.04
10/12/2012,18.92
11/12/2012,19.34
12/12/2012,19.25
13/12/2012,18.92
14/12/2012,18.21
17/12/2012,18.53
18/12/2012,19.07
19/12/2012,18.80
20/12/2012,18.63
21/12/2012,18.55
24/12/2012,18.58
26/12/2012,18.32
27/12/2012,18.40
28/12/2012,18.20
31/12/2012,19.01
2/1/2013,19.61
3/1/2013,19.36
4/1/2013,18.82
7/1/2013,18.71
8/1/2013,18.76
9/1/2013,18.47
10/1/2013,18.70
11/1/2013,18.58
14/1/2013,17.92
15/1/2013,17.35
16/1/2013,18.07
17/1/2013,17.95
18/1/2013,17.86
22/1/2013,18.03
23/1/2013,18.36
24/1/2013,16.09
25/1/2013,15.71
28/1/2013,16.07
29/1/2013,16.37
30/1/2013,16.32
31/1/2013,16.27
1/2/2013,16.20
4/2/2013,15.80
5/2/2013,16.35
6/2/2013,16.33
7/2/2013,16.72
8/2/2013,16.96
11/2/2013,17.14
12/2/2013,16.71
13/2/2013,16.68
14/2/2013,16.66
15/2/2013,16.43
19/2/2013,16.43
20/2/2013,16.03
21/2/2013,15.93
22/2/2013,16.10
25/2/2013,15.81
26/2/2013,16.03
27/2/2013,15.88
28/2/2013,15.76
1/3/2013,15.37
4/3/2013,15.00
5/3/2013,15.40
6/3/2013,15.20
7/3/2013,15.38
8/3/2013,15.42
11/3/2013,15.64
12/3/2013,15.30
13/3/2013,15.30
14/3/2013,15.45
15/3/2013,15.85
18/3/2013,16.28
19/3/2013,16.23
20/3/2013,16.15
21/3/2013,16.17
22/3/2013,16.50
25/3/2013,16.56
26/3/2013,16.47
27/3/2013,16.15
28/3/2013,15.81
1/4/2013,15.32
2/4/2013,15.35
3/4/2013,15.43
4/4/2013,15.28
5/4/2013,15.11
8/4/2013,15.22
9/4/2013,15.25
10/4/2013,15.56
11/4/2013,15.51
12/4/2013,15.35
15/4/2013,14.99
16/4/2013,15.22
17/4/2013,14.39
18/4/2013,14.00
19/4/2013,13.95
22/4/2013,14.24
23/4/2013,14.50
24/4/2013,14.48
25/4/2013,14.59
26/4/2013,14.90
29/4/2013,15.36
30/4/2013,15.81
1/5/2013,15.69
2/5/2013,15.91
3/5/2013,16.07
6/5/2013,16.45
7/5/2013,16.38
8/5/2013,16.57
9/5/2013,16.31
10/5/2013,16.18
13/5/2013,16.24
14/5/2013,15.85
15/5/2013,15.32
16/5/2013,15.52
17/5/2013,15.47
20/5/2013,15.82
21/5/2013,15.70
22/5/2013,15.76
23/5/2013,15.79
24/5/2013,15.90
28/5/2013,15.77
29/5/2013,15.89
30/5/2013,16.13
31/5/2013,16.06
3/6/2013,16.10
4/6/2013,16.05
5/6/2013,15.90
6/6/2013,15.66
7/6/2013,15.78
10/6/2013,15.67
11/6/2013,15.63
12/6/2013,15.44
13/6/2013,15.57
14/6/2013,15.36
17/6/2013,15.43
18/6/2013,15.42
19/6/2013,15.11
20/6/2013,14.89
21/6/2013,14.77
24/6/2013,14.38
25/6/2013,14.38
26/6/2013,14.22
27/6/2013,14.06
28/6/2013,14.16
1/7/2013,14.62
2/7/2013,14.95
3/7/2013,15.03
5/7/2013,14.91
8/7/2013,14.82
9/7/2013,15.08
10/7/2013,15.03
11/7/2013,15.26
12/7/2013,15.23
15/7/2013,15.27
16/7/2013,15.36
17/7/2013,15.37
18/7/2013,15.42
19/7/2013,15.18
22/7/2013,15.23
23/7/2013,14.96
24/7/2013,15.73
25/7/2013,15.66
26/7/2013,15.75
29/7/2013,15.99
30/7/2013,16.19
31/7/2013,16.16
1/8/2013,16.31
2/8/2013,16.52
5/8/2013,16.77
6/8/2013,16.62
7/8/2013,16.61
8/8/2013,16.46
9/8/2013,16.23
12/8/2013,16.69
13/8/2013,17.48
14/8/2013,17.80
15/8/2013,17.78
16/8/2013,17.94
19/8/2013,18.13
20/8/2013,17.90
21/8/2013,17.94
22/8/2013,17.96
23/8/2013,17.89
26/8/2013,17.96
27/8/2013,17.45
28/8/2013,17.53
29/8/2013,17.56
30/8/2013,17.40
3/9/2013,17.45
4/9/2013,17.81
5/9/2013,17.69
6/9/2013,17.79
9/9/2013,18.08
10/9/2013,17.67
11/9/2013,16.70
12/9/2013,16.88
13/9/2013,16.60
16/9/2013,16.08
17/9/2013,16.26
18/9/2013,16.60
19/9/2013,16.87
20/9/2013,16.69
23/9/2013,17.52
24/9/2013,17.47
25/9/2013,17.20
26/9/2013,17.37
27/9/2013,17.24
30/9/2013,17.03
1/10/2013,17.43
2/10/2013,17.48
3/10/2013,17.26
4/10/2013,17.25
7/10/2013,17.42
8/10/2013,17.18
9/10/2013,17.38
10/10/2013,17.49
11/10/2013,17.60
14/10/2013,17.72
15/10/2013,17.81
16/10/2013,17.90
17/10/2013,18.02
18/10/2013,18.17
21/10/2013,18.62
22/10/2013,18.57
23/10/2013,18.75
24/10/2013,19.00
25/10/2013,18.78
28/10/2013,18.92
29/10/2013,18.45
30/10/2013,18.75
31/10/2013,18.67
1/11/2013,18.57
4/11/2013,18.81
5/11/2013,18.77
6/11/2013,18.60
7/11/2013,18.30
8/11/2013,18.59
11/11/2013,18.54
12/11/2013,18.57
13/11/2013,18.59
14/11/2013,18.86
15/11/2013,18.75
18/11/2013,18.52
19/11/2013,18.56
20/11/2013,18.39
21/11/2013,18.61
22/11/2013,18.56
25/11/2013,18.71
26/11/2013,19.05
27/11/2013,19.50
29/11/2013,19.86
2/12/2013,19.69
3/12/2013,20.23
4/12/2013,20.18
5/12/2013,20.28
6/12/2013,20.00
9/12/2013,20.23
10/12/2013,20.20
11/12/2013,20.05
12/12/2013,20.02
13/12/2013,19.80
16/12/2013,19.91
17/12/2013,19.82
18/12/2013,19.67
19/12/2013,19.45
20/12/2013,19.61
23/12/2013,20.36
24/12/2013,20.27
26/12/2013,20.14
27/12/2013,20.00
30/12/2013,19.80
31/12/2013,20.04
2/1/2014,19.75
3/1/2014,19.32
6/1/2014,19.43
7/1/2014,19.29
8/1/2014,19.41
9/1/2014,19.16
10/1/2014,19.03
13/1/2014,19.13
14/1/2014,19.51
15/1/2014,19.91
16/1/2014,19.79
17/1/2014,19.31
21/1/2014,19.61
22/1/2014,19.70
23/1/2014,19.86
24/1/2014,19.50
27/1/2014,19.66
28/1/2014,18.09
29/1/2014,17.88
30/1/2014,17.85
31/1/2014,17.88
3/2/2014,17.91
4/2/2014,18.17
5/2/2014,18.31
6/2/2014,18.30
7/2/2014,18.56
10/2/2014,18.89
11/2/2014,19.14
12/2/2014,19.14
13/2/2014,19.44
14/2/2014,19.43
18/2/2014,19.50
19/2/2014,19.19
20/2/2014,18.97
21/2/2014,18.76
24/2/2014,18.84
25/2/2014,18.65
26/2/2014,18.48
27/2/2014,18.85
28/2/2014,18.79
3/3/2014,18.85
4/3/2014,18.97
5/3/2014,19.01
6/3/2014,18.96
7/3/2014,18.94
10/3/2014,18.96
11/3/2014,19.15
12/3/2014,19.16
13/3/2014,18.95
14/3/2014,18.74
17/3/2014,18.81
18/3/2014,18.98
19/3/2014,18.97
20/3/2014,18.88
21/3/2014,19.03
24/3/2014,19.26
25/3/2014,19.46
26/3/2014,19.28
27/3/2014,19.20
28/3/2014,19.17
31/3/2014,19.17
1/4/2014,19.34
2/4/2014,19.38
3/4/2014,19.24
4/4/2014,18.99
7/4/2014,18.70
8/4/2014,18.69
9/4/2014,18.94
10/4/2014,18.70
11/4/2014,18.56
14/4/2014,18.63
15/4/2014,18.50
16/4/2014,18.54
17/4/2014,18.75
21/4/2014,18.97
22/4/2014,18.99
23/4/2014,18.74
24/4/2014,20.28
25/4/2014,20.43
28/4/2014,21.22
29/4/2014,21.15
30/4/2014,21.07
1/5/2014,21.12
2/5/2014,21.16
5/5/2014,21.46
6/5/2014,21.23
7/5/2014,21.15
8/5/2014,21.00
9/5/2014,20.91
12/5/2014,21.17
13/5/2014,21.21
14/5/2014,21.21
15/5/2014,21.03
16/5/2014,21.34
19/5/2014,21.59
20/5/2014,21.60
21/5/2014,21.65
22/5/2014,21.69
23/5/2014,21.93
27/5/2014,22.34
28/5/2014,22.29
29/5/2014,22.69
30/5/2014,22.61
2/6/2014,22.45
3/6/2014,22.77
4/6/2014,23.03
5/6/2014,23.12
6/6/2014,23.06
9/6/2014,23.43
10/6/2014,23.56
11/6/2014,23.47
12/6/2014,23.07
13/6/2014,22.82
16/6/2014,23.05
17/6/2014,23.02
18/6/2014,23.05
19/6/2014,22.97
20/6/2014,22.73
23/6/2014,22.71
24/6/2014,22.57
25/6/2014,22.59
26/6/2014,22.73
27/6/2014,23.00
30/6/2014,23.23
1/7/2014,23.38
2/7/2014,23.37
3/7/2014,23.51
7/7/2014,23.99
8/7/2014,23.84
9/7/2014,23.85
10/7/2014,23.76
11/7/2014,23.81
14/7/2014,24.11
15/7/2014,23.83
16/7/2014,23.70
17/7/2014,23.27
18/7/2014,23.61
21/7/2014,23.48
22/7/2014,23.68
23/7/2014,24.30
24/7/2014,24.26
25/7/2014,24.42
28/7/2014,24.76
29/7/2014,24.60
30/7/2014,24.54
31/7/2014,23.90
1/8/2014,24.03
4/8/2014,23.90
5/8/2014,23.78
6/8/2014,23.74
7/8/2014,23.62
8/8/2014,23.69
11/8/2014,24.00
12/8/2014,23.99
13/8/2014,24.31
14/8/2014,24.38
15/8/2014,24.50
18/8/2014,24.79
19/8/2014,25.13
20/8/2014,25.14
21/8/2014,25.15
22/8/2014,25.33
25/8/2014,25.39
26/8/2014,25.22
27/8/2014,25.53
28/8/2014,25.56
29/8/2014,25.63
2/9/2014,25.83
3/9/2014,24.74
4/9/2014,24.53
5/9/2014,24.74
8/9/2014,24.59
9/9/2014,24.50
10/9/2014,25.25
11/9/2014,25.36
12/9/2014,25.42
15/9/2014,25.41
16/9/2014,25.22
17/9/2014,25.40
18/9/2014,25.45
19/9/2014,25.24
22/9/2014,25.27
23/9/2014,25.66
24/9/2014,25.44
25/9/2014,24.47
26/9/2014,25.19
29/9/2014,25.03
30/9/2014,25.19
1/10/2014,24.80
2/10/2014,24.98
3/10/2014,24.91
6/10/2014,24.91
7/10/2014,24.69
8/10/2014,25.20
9/10/2014,25.26
10/10/2014,25.18
13/10/2014,24.95
14/10/2014,24.69
15/10/2014,24.39
16/10/2014,24.07
17/10/2014,24.42
20/10/2014,24.94
21/10/2014,25.62
22/10/2014,25.75
23/10/2014,26.21
24/10/2014,26.31
27/10/2014,26.28
28/10/2014,26.69
29/10/2014,26.84
30/10/2014,26.75
31/10/2014,27.00
3/11/2014,27.35
4/11/2014,27.15
5/11/2014,27.22
6/11/2014,27.18
7/11/2014,27.25
10/11/2014,27.21
11/11/2014,27.43
12/11/2014,27.81
13/11/2014,28.21
14/11/2014,28.55
17/11/2014,28.50
18/11/2014,28.87
19/11/2014,28.67
20/11/2014,29.08
21/11/2014,29.12
24/11/2014,29.66
25/11/2014,29.40
26/11/2014,29.75
28/11/2014,29.73
1/12/2014,28.77
2/12/2014,28.66
3/12/2014,28.98
4/12/2014,28.87
5/12/2014,28.75
8/12/2014,28.10
9/12/2014,28.53
10/12/2014,27.99
11/12/2014,27.91
12/12/2014,27.43
15/12/2014,27.06
16/12/2014,26.69
17/12/2014,27.35
18/12/2014,28.16
19/12/2014,27.95
22/12/2014,28.24
23/12/2014,28.14
24/12/2014,28.00
26/12/2014,28.50
29/12/2014,28.48
30/12/2014,28.13
31/12/2014,27.60
2/1/2015,27.33
5/1/2015,26.56
6/1/2015,26.57
7/1/2015,26.94
8/1/2015,27.97
9/1/2015,28.00
12/1/2015,27.31
13/1/2015,27.56
14/1/2015,27.45
15/1/2015,26.71
16/1/2015,26.50
20/1/2015,27.18
21/1/2015,27.39
22/1/2015,28.10
23/1/2015,28.25
26/1/2015,28.28
27/1/2015,27.29
28/1/2015,28.83
29/1/2015,29.73
30/1/2015,29.29
2/2/2015,29.66
3/2/2015,29.66
4/2/2015,29.89
5/2/2015,29.99
6/2/2015,29.73
9/2/2015,29.93
10/2/2015,30.51
11/2/2015,31.22
12/2/2015,31.62
13/2/2015,31.77
17/2/2015,31.96
18/2/2015,32.18
19/2/2015,32.11
20/2/2015,32.37
23/2/2015,33.25
24/2/2015,33.04
25/2/2015,32.20
26/2/2015,32.60
27/2/2015,32.12
2/3/2015,32.27
3/3/2015,32.34
4/3/2015,32.14
5/3/2015,31.60
6/3/2015,31.65
9/3/2015,31.79
10/3/2015,31.13
11/3/2015,30.56
12/3/2015,31.11
13/3/2015,30.90
16/3/2015,31.24
17/3/2015,31.76
18/3/2015,32.12
19/3/2015,31.87
20/3/2015,31.48
23/3/2015,31.80
24/3/2015,31.67
25/3/2015,30.85
26/3/2015,31.06
27/3/2015,30.81
30/3/2015,31.59
31/3/2015,31.11
1/4/2015,31.06
2/4/2015,31.33
6/4/2015,31.84
7/4/2015,31.50
8/4/2015,31.40
9/4/2015,31.64
10/4/2015,31.78
13/4/2015,31.71
14/4/2015,31.58
15/4/2015,31.70
16/4/2015,31.54
17/4/2015,31.19
20/4/2015,31.90
21/4/2015,31.73
22/4/2015,32.16
23/4/2015,32.42
24/4/2015,32.57
27/4/2015,33.16
28/4/2015,32.64
29/4/2015,32.16
30/4/2015,31.29
1/5/2015,32.24
4/5/2015,32.18
5/5/2015,31.45
6/5/2015,31.25
7/5/2015,31.32
8/5/2015,31.91
11/5/2015,31.58
12/5/2015,31.47
13/5/2015,31.50
14/5/2015,32.24
15/5/2015,32.19
18/5/2015,32.55
19/5/2015,32.52
20/5/2015,32.52
21/5/2015,32.85
22/5/2015,33.14
26/5/2015,32.41
27/5/2015,33.01
28/5/2015,32.95
29/5/2015,32.57
1/6/2015,32.63
2/6/2015,32.49
3/6/2015,32.53
4/6/2015,32.34
5/6/2015,32.16
8/6/2015,31.95
9/6/2015,31.86
10/6/2015,32.22
11/6/2015,32.15
12/6/2015,31.79
15/6/2015,31.73
16/6/2015,31.90
17/6/2015,31.83
18/6/2015,31.97
19/6/2015,31.65
22/6/2015,31.90
23/6/2015,31.76
24/6/2015,32.03
25/6/2015,31.88
26/6/2015,31.69
29/6/2015,31.13
30/6/2015,31.36
1/7/2015,31.65
2/7/2015,31.61
6/7/2015,31.50
7/7/2015,31.42
8/7/2015,30.64
9/7/2015,30.02
10/7/2015,30.82
13/7/2015,31.42
14/7/2015,31.40
15/7/2015,31.71
16/7/2015,32.13
17/7/2015,32.41
20/7/2015,33.02
21/7/2015,32.69
22/7/2015,31.31
23/7/2015,31.29
24/7/2015,31.13
27/7/2015,30.69
28/7/2015,30.85
29/7/2015,30.75
30/7/2015,30.59
31/7/2015,30.33
3/8/2015,29.61
4/8/2015,28.66
5/8/2015,28.85
6/8/2015,28.78
7/8/2015,28.88
10/8/2015,29.93
11/8/2015,28.37
12/8/2015,28.81
13/8/2015,28.79
14/8/2015,28.99
17/8/2015,29.29
18/8/2015,29.13
19/8/2015,28.75
20/8/2015,28.16
21/8/2015,26.44
24/8/2015,25.78
25/8/2015,25.94
26/8/2015,27.42
27/8/2015,28.23
28/8/2015,28.32
31/8/2015,28.19
1/9/2015,26.93
2/9/2015,28.09
3/9/2015,27.59
4/9/2015,27.32
8/9/2015,28.08
9/9/2015,27.54
10/9/2015,28.14
11/9/2015,28.55
14/9/2015,28.83
15/9/2015,29.07
16/9/2015,29.10
17/9/2015,28.48
18/9/2015,28.36
21/9/2015,28.80
22/9/2015,28.35
23/9/2015,28.58
24/9/2015,28.75
25/9/2015,28.68
28/9/2015,28.11
29/9/2015,27.27
30/9/2015,27.58
1/10/2015,27.40
2/10/2015,27.60
5/10/2015,27.70
6/10/2015,27.83
7/10/2015,27.70
8/10/2015,27.38
9/10/2015,28.03
12/10/2015,27.90
13/10/2015,27.95
14/10/2015,27.55
15/10/2015,27.97
16/10/2015,27.76
19/10/2015,27.93
20/10/2015,28.44
21/10/2015,28.44
22/10/2015,28.88
23/10/2015,29.77
26/10/2015,28.82
27/10/2015,28.64
28/10/2015,29.82
29/10/2015,30.13
30/10/2015,29.88
2/11/2015,30.30
3/11/2015,30.64
4/11/2015,30.50
5/11/2015,30.23
6/11/2015,30.27
9/11/2015,30.14
10/11/2015,29.19
11/11/2015,29.03
12/11/2015,28.93
13/11/2015,28.09
16/11/2015,28.54
17/11/2015,28.42
18/11/2015,29.32
19/11/2015,29.70
20/11/2015,29.83
23/11/2015,29.44
24/11/2015,29.72
25/11/2015,29.51
27/11/2015,29.45
30/11/2015,29.58
1/12/2015,29.34
2/12/2015,29.07
3/12/2015,28.80
4/12/2015,29.76
7/12/2015,29.57
8/12/2015,29.56
9/12/2015,28.91
10/12/2015,29.04
11/12/2015,28.30
14/12/2015,28.12
15/12/2015,27.62
16/12/2015,27.84
17/12/2015,27.25
18/12/2015,26.51
21/12/2015,26.83
22/12/2015,26.81
23/12/2015,27.15
24/12/2015,27.01
28/12/2015,26.71
29/12/2015,27.19
30/12/2015,26.83
31/12/2015,26.32
4/1/2016,26.34
5/1/2016,25.68
6/1/2016,25.18
7/1/2016,24.11
8/1/2016,24.24
11/1/2016,24.63
12/1/2016,24.99
13/1/2016,24.35
14/1/2016,24.88
15/1/2016,24.28
19/1/2016,24.17
20/1/2016,24.20
21/1/2016,24.08
22/1/2016,25.36
25/1/2016,24.86
26/1/2016,25.00
27/1/2016,23.36
28/1/2016,23.52
29/1/2016,24.34
1/2/2016,24.11
2/2/2016,23.62
3/2/2016,24.09
4/2/2016,24.15
5/2/2016,23.51
8/2/2016,23.75
9/2/2016,23.75
10/2/2016,23.57
11/2/2016,23.43
12/2/2016,23.50
16/2/2016,24.16
17/2/2016,24.53
18/2/2016,24.07
19/2/2016,24.01
22/2/2016,24.22
23/2/2016,23.67
24/2/2016,24.03
25/2/2016,24.19
26/2/2016,24.23
29/2/2016,24.17
1/3/2016,25.13
2/3/2016,25.19
3/3/2016,25.38
4/3/2016,25.75
7/3/2016,25.47
8/3/2016,25.26
9/3/2016,25.28
10/3/2016,25.29
11/3/2016,25.57
14/3/2016,25.63
15/3/2016,26.15
16/3/2016,26.49
17/3/2016,26.45
18/3/2016,26.48
21/3/2016,26.48
22/3/2016,26.68
23/3/2016,26.53
24/3/2016,26.42
28/3/2016,26.30
29/3/2016,26.92
30/3/2016,27.39
31/3/2016,27.25
1/4/2016,27.50
4/4/2016,27.78
5/4/2016,27.45
6/4/2016,27.74
7/4/2016,27.14
8/4/2016,27.17
11/4/2016,27.26
12/4/2016,27.61
13/4/2016,28.01
14/4/2016,28.03
15/4/2016,27.46
18/4/2016,26.87
19/4/2016,26.73
20/4/2016,26.78
21/4/2016,26.49
22/4/2016,26.42
25/4/2016,26.27
26/4/2016,26.09
27/4/2016,24.46
28/4/2016,23.71
29/4/2016,23.44
2/5/2016,23.41
3/5/2016,23.80
4/5/2016,23.55
5/5/2016,23.31
6/5/2016,23.18
9/5/2016,23.20
10/5/2016,23.36
11/5/2016,23.13
12/5/2016,22.59
13/5/2016,22.63
16/5/2016,23.47
17/5/2016,23.37
18/5/2016,23.64
19/5/2016,23.55
20/5/2016,23.81
23/5/2016,24.11
24/5/2016,24.48
25/5/2016,24.91
26/5/2016,25.10
27/5/2016,25.09
31/5/2016,24.97
1/6/2016,24.62
2/6/2016,24.43
3/6/2016,24.48
6/6/2016,24.66
7/6/2016,24.76
8/6/2016,24.74
9/6/2016,24.91
10/6/2016,24.71
13/6/2016,24.34
14/6/2016,24.37
15/6/2016,24.29
16/6/2016,24.39
17/6/2016,23.83
20/6/2016,23.78
21/6/2016,23.98
22/6/2016,23.89
23/6/2016,24.03
24/6/2016,23.35
27/6/2016,23.01
28/6/2016,23.40
29/6/2016,23.60
30/6/2016,23.90
1/7/2016,23.97
5/7/2016,23.75
6/7/2016,23.88
7/7/2016,23.99
8/7/2016,24.17
11/7/2016,24.25
12/7/2016,24.36
13/7/2016,24.22
14/7/2016,24.70
15/7/2016,24.70
18/7/2016,24.96
19/7/2016,24.97
20/7/2016,24.99
21/7/2016,24.86
22/7/2016,24.67
25/7/2016,24.34
26/7/2016,24.17
27/7/2016,25.74
28/7/2016,26.09
29/7/2016,26.05
1/8/2016,26.51
2/8/2016,26.12
3/8/2016,26.45
4/8/2016,26.47
5/8/2016,26.87
8/8/2016,27.09
9/8/2016,27.20
10/8/2016,27.00
11/8/2016,26.98
12/8/2016,27.05
15/8/2016,27.37
16/8/2016,27.35
17/8/2016,27.31
18/8/2016,27.27
19/8/2016,27.34
22/8/2016,27.13
23/8/2016,27.21
24/8/2016,27.01
25/8/2016,26.89
26/8/2016,26.74
29/8/2016,26.71
30/8/2016,26.50
31/8/2016,26.53
1/9/2016,26.68
2/9/2016,26.93
6/9/2016,26.93
7/9/2016,27.09
8/9/2016,26.38
9/9/2016,25.78
12/9/2016,26.36
13/9/2016,26.99
14/9/2016,27.94
15/9/2016,28.89
16/9/2016,28.73
19/9/2016,28.40
20/9/2016,28.39
21/9/2016,28.39
22/9/2016,28.66
23/9/2016,28.18
26/9/2016,28.22
27/9/2016,28.27
28/9/2016,28.49
29/9/2016,28.05
30/9/2016,28.26
3/10/2016,28.13
4/10/2016,28.25
5/10/2016,28.26
6/10/2016,28.47
7/10/2016,28.52
10/10/2016,29.01
11/10/2016,29.08
12/10/2016,29.34
13/10/2016,29.25
14/10/2016,29.41
17/10/2016,29.39
18/10/2016,29.37
19/10/2016,29.28
20/10/2016,29.27
21/10/2016,29.15
24/10/2016,29.41
25/10/2016,29.56
26/10/2016,28.90
27/10/2016,28.62
28/10/2016,28.43
31/10/2016,28.39
1/11/2016,27.87
2/11/2016,27.90
3/11/2016,27.46
4/11/2016,27.21
7/11/2016,27.60
8/11/2016,27.77
9/11/2016,27.72
10/11/2016,26.95
11/11/2016,27.11
14/11/2016,26.43
15/11/2016,26.78
16/11/2016,27.50
17/11/2016,27.49
18/11/2016,27.52
21/11/2016,27.93
22/11/2016,27.95
23/11/2016,27.81
25/11/2016,27.95
28/11/2016,27.89
29/11/2016,27.87
30/11/2016,27.63
1/12/2016,27.37
2/12/2016,27.48
5/12/2016,27.28
6/12/2016,27.49
7/12/2016,27.76
8/12/2016,28.03
9/12/2016,28.49
12/12/2016,28.33
13/12/2016,28.80
14/12/2016,28.80
15/12/2016,28.96
16/12/2016,28.99
19/12/2016,29.16
20/12/2016,29.24
21/12/2016,29.27
22/12/2016,29.07
23/12/2016,29.13
27/12/2016,29.32
28/12/2016,29.19
29/12/2016,29.18
30/12/2016,28.96
3/1/2017,29.04
4/1/2017,29.01
5/1/2017,29.15
6/1/2017,29.48
9/1/2017,29.75
10/1/2017,29.78
11/1/2017,29.94
12/1/2017,29.81
13/1/2017,29.76
17/1/2017,30.00
18/1/2017,30.00
19/1/2017,29.95
20/1/2017,30.00
23/1/2017,30.02
24/1/2017,29.99
25/1/2017,30.47
26/1/2017,30.49
27/1/2017,30.49
30/1/2017,30.41
31/1/2017,30.34
1/2/2017,32.19
2/2/2017,32.13
3/2/2017,32.27
6/2/2017,32.57
7/2/2017,32.88
8/2/2017,33.01
9/2/2017,33.11
10/2/2017,33.03
13/2/2017,33.32
14/2/2017,33.76
15/2/2017,33.88
16/2/2017,33.84
17/2/2017,33.93
21/2/2017,34.18
22/2/2017,34.28
23/2/2017,34.13
24/2/2017,34.17
27/2/2017,34.23
28/2/2017,34.25
1/3/2017,34.95
2/3/2017,34.74
3/3/2017,34.95
6/3/2017,34.84
7/3/2017,34.88
8/3/2017,34.75
9/3/2017,34.67
10/3/2017,34.79
13/3/2017,34.80
14/3/2017,34.75
15/3/2017,35.12
16/3/2017,35.17
17/3/2017,35.00
20/3/2017,35.37
21/3/2017,34.96
22/3/2017,35.36
23/3/2017,35.23
24/3/2017,35.16
27/3/2017,35.22
28/3/2017,35.95
29/3/2017,36.03
30/3/2017,35.98
31/3/2017,35.92
3/4/2017,35.93
4/4/2017,36.19
5/4/2017,36.01
6/4/2017,35.92
7/4/2017,35.84
10/4/2017,35.79
11/4/2017,35.41
12/4/2017,35.45
13/4/2017,35.26
17/4/2017,35.46
18/4/2017,35.30
19/4/2017,35.17
20/4/2017,35.61
21/4/2017,35.57
24/4/2017,35.91
25/4/2017,36.13
26/4/2017,35.92
27/4/2017,35.95
28/4/2017,35.91
1/5/2017,36.65
2/5/2017,36.88
3/5/2017,36.77
4/5/2017,36.63
5/5/2017,37.24
8/5/2017,38.25
9/5/2017,38.50
10/5/2017,38.32
11/5/2017,38.49
12/5/2017,39.03
15/5/2017,38.93
16/5/2017,38.87
17/5/2017,37.56
18/5/2017,38.14
19/5/2017,38.27
22/5/2017,38.50
23/5/2017,38.45
24/5/2017,38.34
25/5/2017,38.47
26/5/2017,38.40
30/5/2017,38.42
31/5/2017,38.19
1/6/2017,38.30
2/6/2017,38.86
5/6/2017,38.48
6/6/2017,38.61
7/6/2017,38.84
8/6/2017,38.75
9/6/2017,37.25
12/6/2017,36.36
13/6/2017,36.65
14/6/2017,36.29
15/6/2017,36.07
16/6/2017,35.57
19/6/2017,36.59
20/6/2017,36.25
21/6/2017,36.47
22/6/2017,36.41
23/6/2017,36.57
26/6/2017,36.46
27/6/2017,35.93
28/6/2017,36.46
29/6/2017,35.92
30/6/2017,36.01
3/7/2017,35.88
5/7/2017,36.02
6/7/2017,35.68
7/7/2017,36.05
10/7/2017,36.27
11/7/2017,36.38
12/7/2017,36.44
13/7/2017,36.94
14/7/2017,37.26
17/7/2017,37.39
18/7/2017,37.52
19/7/2017,37.76
20/7/2017,37.59
21/7/2017,37.57
24/7/2017,38.02
25/7/2017,38.19
26/7/2017,38.37
27/7/2017,37.64
28/7/2017,37.38
31/7/2017,37.18
1/8/2017,37.51
2/8/2017,39.29
3/8/2017,38.89
4/8/2017,39.10
7/8/2017,39.70
8/8/2017,40.02
9/8/2017,40.27
10/8/2017,38.83
11/8/2017,39.37
14/8/2017,39.96
15/8/2017,40.40
16/8/2017,40.24
17/8/2017,39.47
18/8/2017,39.38
21/8/2017,39.30
22/8/2017,39.95
23/8/2017,40.00
24/8/2017,39.82
25/8/2017,39.97
28/8/2017,40.37
29/8/2017,40.73
30/8/2017,40.84
31/8/2017,41.00
1/9/2017,41.01
5/9/2017,40.52
6/9/2017,40.48
7/9/2017,40.32
8/9/2017,39.66
11/9/2017,40.38
12/9/2017,40.22
13/9/2017,39.91
14/9/2017,39.57
15/9/2017,39.97
18/9/2017,39.67
19/9/2017,39.68
20/9/2017,39.02
21/9/2017,38.35
22/9/2017,37.97
25/9/2017,37.64
26/9/2017,38.29
27/9/2017,38.56
28/9/2017,38.32
29/9/2017,38.53
2/10/2017,38.45
3/10/2017,38.62
4/10/2017,38.37
5/10/2017,38.85
6/10/2017,38.83
9/10/2017,38.96
10/10/2017,38.98
11/10/2017,39.14
12/10/2017,39.00
13/10/2017,39.25
16/10/2017,39.97
17/10/2017,40.12
18/10/2017,39.94
19/10/2017,39.00
20/10/2017,39.06
23/10/2017,39.04
24/10/2017,39.28
25/10/2017,39.10
26/10/2017,39.35
27/10/2017,40.76
30/10/2017,41.68
31/10/2017,42.26
1/11/2017,41.72
2/11/2017,42.03
3/11/2017,43.13
6/11/2017,43.56
7/11/2017,43.70
8/11/2017,44.06
9/11/2017,43.97
10/11/2017,43.67
13/11/2017,43.49
14/11/2017,42.84
15/11/2017,42.27
16/11/2017,42.78
17/11/2017,42.54
20/11/2017,42.50
21/11/2017,43.29
22/11/2017,43.74
24/11/2017,43.74
27/11/2017,43.52
28/11/2017,43.27
29/11/2017,42.37
30/11/2017,42.96
1/12/2017,42.76
4/12/2017,42.45
5/12/2017,42.41
6/12/2017,42.25
7/12/2017,42.33
8/12/2017,42.34
11/12/2017,43.17
12/12/2017,42.93
13/12/2017,43.07
14/12/2017,43.06
15/12/2017,43.49
18/12/2017,44.11
19/12/2017,43.64
20/12/2017,43.59
21/12/2017,43.75
22/12/2017,43.75
26/12/2017,42.64
27/12/2017,42.65
28/12/2017,42.77
29/12/2017,42.31
2/1/2018,43.07
3/1/2018,43.06
4/1/2018,43.26
5/1/2018,43.75
8/1/2018,43.59
9/1/2018,43.58
10/1/2018,43.57
11/1/2018,43.82
12/1/2018,44.27
16/1/2018,44.05
17/1/2018,44.78
18/1/2018,44.82
19/1/2018,44.62
22/1/2018,44.25
23/1/2018,44.26
24/1/2018,43.56
25/1/2018,42.78
26/1/2018,42.88
29/1/2018,41.99
30/1/2018,41.74
31/1/2018,41.86
1/2/2018,41.95
2/2/2018,40.13
5/2/2018,39.12
6/2/2018,40.76
7/2/2018,39.89
8/2/2018,38.79
9/2/2018,39.10
12/2/2018,40.68
13/2/2018,41.09
14/2/2018,41.84
15/2/2018,43.25
16/2/2018,43.11
20/2/2018,42.96
21/2/2018,42.77
22/2/2018,43.13
23/2/2018,43.88
26/2/2018,44.74
27/2/2018,44.60
28/2/2018,44.53
1/3/2018,43.75
2/3/2018,44.05
5/3/2018,44.21
6/3/2018,44.17
7/3/2018,43.76
8/3/2018,44.24
9/3/2018,45.00
12/3/2018,45.43
13/3/2018,44.99
14/3/2018,44.61
15/3/2018,44.66
16/3/2018,44.51
19/3/2018,43.83
20/3/2018,43.81
21/3/2018,42.82
22/3/2018,42.21
23/3/2018,41.24
26/3/2018,43.19
27/3/2018,42.09
28/3/2018,41.62
29/3/2018,41.95
2/4/2018,41.67
3/4/2018,42.10
4/4/2018,42.90
5/4/2018,43.20
6/4/2018,42.10
9/4/2018,42.51
10/4/2018,43.31
11/4/2018,43.11
12/4/2018,43.54
13/4/2018,43.68
16/4/2018,43.96
17/4/2018,44.56
18/4/2018,44.46
19/4/2018,43.20
20/4/2018,41.43
23/4/2018,41.31
24/4/2018,40.74
25/4/2018,40.91
26/4/2018,41.06
27/4/2018,40.58
30/4/2018,41.32
1/5/2018,42.28
2/5/2018,44.14
3/5/2018,44.22
4/5/2018,45.96
7/5/2018,46.29
8/5/2018,46.51
9/5/2018,46.84
10/5/2018,47.51
11/5/2018,47.15
14/5/2018,47.04
15/5/2018,46.61
16/5/2018,47.05
17/5/2018,46.75
18/5/2018,46.58
21/5/2018,46.91
22/5/2018,46.79
23/5/2018,47.09
24/5/2018,47.04
25/5/2018,47.15
29/5/2018,46.98
30/5/2018,46.88
31/5/2018,46.72
1/6/2018,47.56
4/6/2018,47.96
5/6/2018,48.33
6/6/2018,48.50
7/6/2018,48.37
8/6/2018,47.93
11/6/2018,47.81
12/6/2018,48.07
13/6/2018,47.68
14/6/2018,47.70
15/6/2018,47.21
18/6/2018,47.19
19/6/2018,46.42
20/6/2018,46.63
21/6/2018,46.37
22/6/2018,46.23
25/6/2018,45.54
26/6/2018,46.11
27/6/2018,46.04
28/6/2018,46.38
29/6/2018,46.28
2/7/2018,46.80
3/7/2018,45.98
5/7/2018,46.35
6/7/2018,46.99
9/7/2018,47.65
10/7/2018,47.59
11/7/2018,46.97
12/7/2018,47.76
13/7/2018,47.83
16/7/2018,47.73
17/7/2018,47.86
18/7/2018,47.60
19/7/2018,47.97
20/7/2018,47.86
23/7/2018,47.90
24/7/2018,48.25
25/7/2018,48.71
26/7/2018,48.55
27/7/2018,47.75
30/7/2018,47.48
31/7/2018,47.57
1/8/2018,50.38
2/8/2018,51.85
3/8/2018,52.00
6/8/2018,52.27
7/8/2018,51.78
8/8/2018,51.81
9/8/2018,52.22
10/8/2018,51.88
13/8/2018,52.22
14/8/2018,52.44
15/8/2018,52.56
16/8/2018,53.33
17/8/2018,54.40
20/8/2018,53.87
21/8/2018,53.76
22/8/2018,53.76
23/8/2018,53.87
24/8/2018,54.04
27/8/2018,54.49
28/8/2018,54.93
29/8/2018,55.75
30/8/2018,56.26
31/8/2018,56.91
4/9/2018,57.09
5/9/2018,56.72
6/9/2018,55.78
7/9/2018,55.33
10/9/2018,54.58
11/9/2018,55.96
12/9/2018,55.27
13/9/2018,56.60
14/9/2018,55.96
17/9/2018,54.47
18/9/2018,54.56
19/9/2018,54.59
20/9/2018,55.01
21/9/2018,54.42
24/9/2018,55.20
25/9/2018,55.55
26/9/2018,55.11
27/9/2018,56.24
28/9/2018,56.44
1/10/2018,56.82
2/10/2018,57.32
3/10/2018,58.02
4/10/2018,57.00
5/10/2018,56.07
8/10/2018,55.94
9/10/2018,56.72
10/10/2018,54.09
11/10/2018,53.61
12/10/2018,55.53
15/10/2018,54.34
16/10/2018,55.54
17/10/2018,55.30
18/10/2018,54.01
19/10/2018,54.83
22/10/2018,55.16
23/10/2018,55.68
24/10/2018,53.77
25/10/2018,54.95
26/10/2018,54.08
29/10/2018,53.06
30/10/2018,53.33
31/10/2018,54.72
1/11/2018,55.56
2/11/2018,51.87
5/11/2018,50.40
6/11/2018,50.94
7/11/2018,52.49
8/11/2018,52.12
9/11/2018,51.12
12/11/2018,48.54
13/11/2018,48.06
14/11/2018,46.70
15/11/2018,47.85
16/11/2018,48.38
19/11/2018,46.47
20/11/2018,44.25
21/11/2018,44.20
23/11/2018,43.07
26/11/2018,43.66
27/11/2018,43.56
28/11/2018,45.24
29/11/2018,44.89
30/11/2018,44.65
3/12/2018,46.21
4/12/2018,44.17
6/12/2018,43.68
7/12/2018,42.12
10/12/2018,42.40
11/12/2018,42.16
12/12/2018,42.28
13/12/2018,42.74
14/12/2018,41.37
17/12/2018,40.99
18/12/2018,41.52
19/12/2018,40.22
20/12/2018,39.21
21/12/2018,37.68
24/12/2018,36.71
26/12/2018,39.29
27/12/2018,39.04
28/12/2018,39.06
31/12/2018,39.44
2/1/2019,39.48
3/1/2019,35.55
4/1/2019,37.07
7/1/2019,36.98
8/1/2019,37.69
9/1/2019,38.33
10/1/2019,38.45
11/1/2019,38.07
14/1/2019,37.50
15/1/2019,38.27
16/1/2019,38.74
17/1/2019,38.97
18/1/2019,39.21
22/1/2019,38.33
23/1/2019,38.48
24/1/2019,38.18
25/1/2019,39.44
28/1/2019,39.08
29/1/2019,38.67
30/1/2019,41.31
31/1/2019,41.61
1/2/2019,41.63
4/2/2019,42.81
5/2/2019,43.55
6/2/2019,43.56
7/2/2019,42.74
8/2/2019,42.60
11/2/2019,42.36
12/2/2019,42.72
13/2/2019,42.55
14/2/2019,42.70
15/2/2019,42.61
19/2/2019,42.73
20/2/2019,43.01
21/2/2019,42.77
22/2/2019,43.24
25/2/2019,43.56
26/2/2019,43.58
27/2/2019,43.72
28/2/2019,43.29
1/3/2019,43.74
4/3/2019,43.96
5/3/2019,43.88
6/3/2019,43.63
7/3/2019,43.13
8/3/2019,43.23
11/3/2019,44.73
12/3/2019,45.23
13/3/2019,45.43
14/3/2019,45.93
15/3/2019,46.53
18/3/2019,47.01
19/3/2019,46.63
20/3/2019,47.04
21/3/2019,48.77
22/3/2019,47.76
25/3/2019,47.19
26/3/2019,46.70
27/3/2019,47.12
28/3/2019,47.18
29/3/2019,47.49
1/4/2019,47.81
2/4/2019,48.51
3/4/2019,48.84
4/4/2019,48.92
5/4/2019,49.25
8/4/2019,50.03
9/4/2019,49.88
10/4/2019,50.16
11/4/2019,49.74
12/4/2019,49.72
15/4/2019,49.81
16/4/2019,49.81
17/4/2019,50.78
18/4/2019,50.97
22/4/2019,51.13
23/4/2019,51.87
24/4/2019,51.79
25/4/2019,51.32
26/4/2019,51.08
29/4/2019,51.15
30/4/2019,50.17
1/5/2019,52.63
2/5/2019,52.29
3/5/2019,52.94
6/5/2019,52.12
7/5/2019,50.72
8/5/2019,50.73
9/5/2019,50.18
10/5/2019,49.30
13/5/2019,46.43
14/5/2019,47.17
15/5/2019,47.73
16/5/2019,47.52
17/5/2019,47.25
20/5/2019,45.77
21/5/2019,46.65
22/5/2019,45.70
23/5/2019,44.92
24/5/2019,44.74
28/5/2019,44.56
29/5/2019,44.35
30/5/2019,44.58
31/5/2019,43.77
3/6/2019,43.33
4/6/2019,44.91
5/6/2019,45.64
6/6/2019,46.31
7/6/2019,47.54
10/6/2019,48.15
11/6/2019,48.70
12/6/2019,48.55
13/6/2019,48.54
14/6/2019,48.19
17/6/2019,48.47
18/6/2019,49.61
19/6/2019,49.47
20/6/2019,49.87
21/6/2019,49.70
24/6/2019,49.65
25/6/2019,48.89
26/6/2019,49.95
27/6/2019,49.94
28/6/2019,49.48
1/7/2019,50.39
2/7/2019,50.68
3/7/2019,51.10
5/7/2019,51.06
8/7/2019,50.01
9/7/2019,50.31
10/7/2019,50.81
11/7/2019,50.44
12/7/2019,50.83
15/7/2019,51.30
16/7/2019,51.13
17/7/2019,50.84
18/7/2019,51.42
19/7/2019,50.65
22/7/2019,51.81
23/7/2019,52.21
24/7/2019,52.17
25/7/2019,51.76
26/7/2019,51.94
29/7/2019,52.42
30/7/2019,52.20
31/7/2019,53.26
1/8/2019,52.11
2/8/2019,51.01
5/8/2019,48.34
6/8/2019,49.25
7/8/2019,49.76
8/8/2019,50.86
9/8/2019,50.25
12/8/2019,50.12
13/8/2019,52.24
14/8/2019,50.69
15/8/2019,50.44
16/8/2019,51.63
19/8/2019,52.59
20/8/2019,52.59
21/8/2019,53.16
22/8/2019,53.12
23/8/2019,50.66
26/8/2019,51.62
27/8/2019,51.04
28/8/2019,51.38
29/8/2019,52.25
30/8/2019,52.19
3/9/2019,51.43
4/9/2019,52.30
5/9/2019,53.32
6/9/2019,53.32
9/9/2019,53.54
10/9/2019,54.18
11/9/2019,55.90
12/9/2019,55.77
13/9/2019,54.69
16/9/2019,54.98
17/9/2019,55.18
18/9/2019,55.69
19/9/2019,55.24
20/9/2019,54.43
23/9/2019,54.68
24/9/2019,54.42
25/9/2019,55.26
26/9/2019,54.97
27/9/2019,54.71
30/9/2019,55.99
1/10/2019,56.15
2/10/2019,54.74
3/10/2019,55.21
4/10/2019,56.75
7/10/2019,56.77
8/10/2019,56.10
9/10/2019,56.76
10/10/2019,57.52
11/10/2019,59.05
14/10/2019,58.97
15/10/2019,58.83
16/10/2019,58.59
17/10/2019,58.82
18/10/2019,59.10
21/10/2019,60.13
22/10/2019,59.99
23/10/2019,60.80
24/10/2019,60.90
25/10/2019,61.65
28/10/2019,62.26
29/10/2019,60.82
30/10/2019,60.82
31/10/2019,62.19
1/11/2019,63.96
4/11/2019,64.38
5/11/2019,64.28
6/11/2019,64.31
7/11/2019,64.86
8/11/2019,65.04
11/11/2019,65.55
12/11/2019,65.49
13/11/2019,66.12
14/11/2019,65.66
15/11/2019,66.44
18/11/2019,66.78
19/11/2019,66.57
20/11/2019,65.80
21/11/2019,65.50
22/11/2019,65.45
25/11/2019,66.59
26/11/2019,66.07
27/11/2019,66.96
29/11/2019,66.81
2/12/2019,66.04
3/12/2019,64.86
4/12/2019,65.44
5/12/2019,66.40
6/12/2019,67.68
9/12/2019,66.73
10/12/2019,67.12
11/12/2019,67.69
12/12/2019,67.87
13/12/2019,68.79
16/12/2019,69.97
17/12/2019,70.10
18/12/2019,69.94
19/12/2019,70.01
20/12/2019,69.86
23/12/2019,71.00
24/12/2019,71.07
26/12/2019,72.48
27/12/2019,72.45
30/12/2019,72.88
31/12/2019,73.41
2/1/2020,75.09
3/1/2020,74.36
6/1/2020,74.95
7/1/2020,74.60
8/1/2020,75.80
9/1/2020,77.41
10/1/2020,77.58
13/1/2020,79.24
14/1/2020,78.17
15/1/2020,77.84
16/1/2020,78.81
17/1/2020,79.68
21/1/2020,79.14
22/1/2020,79.43
23/1/2020,79.81
24/1/2020,79.58
27/1/2020,77.24
28/1/2020,79.42
29/1/2020,81.09
30/1/2020,80.97
31/1/2020,77.38
3/2/2020,77.17
4/2/2020,79.71
5/2/2020,80.36
6/2/2020,81.30
7/2/2020,80.01
10/2/2020,80.39
11/2/2020,79.90
12/2/2020,81.80
13/2/2020,81.22
14/2/2020,81.24
18/2/2020,79.75
19/2/2020,80.91
20/2/2020,80.08
21/2/2020,78.26
24/2/2020,74.55
25/2/2020,72.02
26/2/2020,73.16
27/2/2020,68.38
28/2/2020,68.34
2/3/2020,74.70
3/3/2020,72.33
4/3/2020,75.69
5/3/2020,73.23
6/3/2020,72.26
9/3/2020,66.54
10/3/2020,71.34
11/3/2020,68.86
12/3/2020,62.06
13/3/2020,69.49
16/3/2020,60.55
17/3/2020,63.22
18/3/2020,61.67
19/3/2020,61.20
20/3/2020,57.31
23/3/2020,56.09
24/3/2020,61.72
25/3/2020,61.38
26/3/2020,64.61
27/3/2020,61.94
30/3/2020,63.70
31/3/2020,63.57
1/4/2020,60.23
2/4/2020,61.23
3/4/2020,60.35
6/4/2020,65.62
7/4/2020,64.86
8/4/2020,66.52
9/4/2020,67.00
13/4/2020,68.31
14/4/2020,71.76
15/4/2020,71.11
16/4/2020,71.67
17/4/2020,70.70
20/4/2020,69.23
21/4/2020,67.09
22/4/2020,69.03
23/4/2020,68.76
24/4/2020,70.74
27/4/2020,70.79
28/4/2020,69.65
29/4/2020,71.93
30/4/2020,73.45
1/5/2020,72.27
4/5/2020,73.29
5/5/2020,74.39
6/5/2020,75.16
7/5/2020,75.94
8/5/2020,77.53
11/5/2020,78.75
12/5/2020,77.85
13/5/2020,76.91
14/5/2020,77.39
15/5/2020,76.93
18/5/2020,78.74
19/5/2020,78.29
20/5/2020,79.81
21/5/2020,79.21
22/5/2020,79.72
26/5/2020,79.18
27/5/2020,79.53
28/5/2020,79.56
29/5/2020,79.49
1/6/2020,80.46
2/6/2020,80.84
3/6/2020,81.28
4/6/2020,80.58
5/6/2020,82.88
8/6/2020,83.37
9/6/2020,86.00
10/6/2020,88.21
11/6/2020,83.98
12/6/2020,84.70
15/6/2020,85.75
16/6/2020,88.02
17/6/2020,87.90
18/6/2020,87.93
19/6/2020,87.43
22/6/2020,89.72
23/6/2020,91.63
24/6/2020,90.02
25/6/2020,91.21
26/6/2020,88.41
29/6/2020,90.45
30/6/2020,91.20
1/7/2020,91.03
2/7/2020,91.03
6/7/2020,93.46
7/7/2020,93.17
8/7/2020,95.34
9/7/2020,95.68
10/7/2020,95.92
13/7/2020,95.48
14/7/2020,97.06
15/7/2020,97.73
16/7/2020,96.52
17/7/2020,96.33
20/7/2020,98.36
21/7/2020,97.00
22/7/2020,97.27
23/7/2020,92.85
24/7/2020,92.62
27/7/2020,94.81
28/7/2020,93.25
29/7/2020,95.04
30/7/2020,96.19
31/7/2020,106.26
3/8/2020,108.94
4/8/2020,109.67
5/8/2020,110.06
6/8/2020,113.90
7/8/2020,111.11
10/8/2020,112.73
11/8/2020,109.38
12/8/2020,113.01
13/8/2020,115.01
14/8/2020,114.91
17/8/2020,114.61
18/8/2020,115.56
19/8/2020,115.71
20/8/2020,118.28
21/8/2020,124.37
24/8/2020,125.86
25/8/2020,124.83
26/8/2020,126.52
27/8/2020,125.01
28/8/2020,124.81
31/8/2020,129.04
1/9/2020,134.18
2/9/2020,131.40
3/9/2020,120.88
4/9/2020,120.96
8/9/2020,112.82
9/9/2020,117.32
10/9/2020,113.49
11/9/2020,112.00
14/9/2020,115.36
15/9/2020,115.54
16/9/2020,112.13
17/9/2020,110.34
18/9/2020,106.84
21/9/2020,110.08
22/9/2020,111.81
23/9/2020,107.12
24/9/2020,108.22
25/9/2020,112.28
28/9/2020,114.96
29/9/2020,114.09
30/9/2020,115.81
1/10/2020,116.79
2/10/2020,113.02
5/10/2020,116.50
6/10/2020,113.16
7/10/2020,115.08
8/10/2020,114.97
9/10/2020,116.97
12/10/2020,124.40
13/10/2020,121.10
14/10/2020,121.19
15/10/2020,120.71
16/10/2020,119.02
19/10/2020,115.98
20/10/2020,117.51
21/10/2020,116.87
22/10/2020,115.75
23/10/2020,115.04
26/10/2020,115.05
27/10/2020,116.60
28/10/2020,111.20
29/10/2020,115.32
30/10/2020,108.86
2/11/2020,108.77
3/11/2020,110.44
4/11/2020,114.95
5/11/2020,119.03
6/11/2020,118.69
9/11/2020,116.32
10/11/2020,115.97
11/11/2020,119.49
12/11/2020,119.21
13/11/2020,119.26
16/11/2020,120.30
17/11/2020,119.39
18/11/2020,118.03
19/11/2020,118.64
20/11/2020,117.34
23/11/2020,113.85
24/11/2020,115.17
25/11/2020,116.03
27/11/2020,116.59
30/11/2020,119.05
1/12/2020,122.72
2/12/2020,123.08
3/12/2020,122.94
4/12/2020,122.25
7/12/2020,123.75
8/12/2020,124.38
9/12/2020,121.78
10/12/2020,123.24
11/12/2020,122.41
14/12/2020,121.78
15/12/2020,127.88
16/12/2020,127.81
17/12/2020,128.70
18/12/2020,126.66
21/12/2020,128.23
22/12/2020,131.88
23/12/2020,130.96
24/12/2020,131.97
28/12/2020,136.69
29/12/2020,134.87
30/12/2020,133.72
31/12/2020,132.69
4/1/2021,129.41
5/1/2021,131.01
6/1/2021,126.60
7/1/2021,130.92
8/1/2021,132.05
11/1/2021,128.98
12/1/2021,128.80
13/1/2021,130.89
14/1/2021,128.91
15/1/2021,127.14
19/1/2021,127.83
20/1/2021,132.03
21/1/2021,136.87
22/1/2021,139.07
25/1/2021,142.92
26/1/2021,143.16
27/1/2021,142.06
28/1/2021,137.09
29/1/2021,131.96
1/2/2021,134.14
2/2/2021,134.99
3/2/2021,133.94
4/2/2021,137.39
5/2/2021,136.76
8/2/2021,136.91
9/2/2021,136.01
10/2/2021,135.39
11/2/2021,135.13
12/2/2021,135.37
16/2/2021,133.19
17/2/2021,130.84
18/2/2021,129.71
19/2/2021,129.87
22/2/2021,126.00
23/2/2021,125.86
24/2/2021,125.35
25/2/2021,120.99
26/2/2021,121.26
1/3/2021,127.79
2/3/2021,125.12
3/3/2021,122.06
4/3/2021,120.13
5/3/2021,121.42
8/3/2021,116.36
9/3/2021,121.09
10/3/2021,119.98
11/3/2021,121.96
12/3/2021,121.03
15/3/2021,123.99
16/3/2021,125.57
17/3/2021,124.76
18/3/2021,120.53
19/3/2021,119.99
22/3/2021,123.39
23/3/2021,122.54
24/3/2021,120.09
25/3/2021,120.59
26/3/2021,121.21
29/3/2021,121.39
30/3/2021,119.90
31/3/2021,122.15
1/4/2021,123.00
5/4/2021,125.90
6/4/2021,126.21
7/4/2021,127.90
8/4/2021,130.36
9/4/2021,133.00
12/4/2021,131.24
13/4/2021,134.43
14/4/2021,132.03
15/4/2021,134.50
16/4/2021,134.16
19/4/2021,134.84
20/4/2021,133.11
21/4/2021,133.50
22/4/2021,131.94
23/4/2021,134.32
26/4/2021,134.72
27/4/2021,134.39
28/4/2021,133.58
29/4/2021,133.48
30/4/2021,131.46
3/5/2021,132.54
4/5/2021,127.85
5/5/2021,128.10
6/5/2021,129.74
7/5/2021,130.21
10/5/2021,126.85
11/5/2021,125.91
12/5/2021,122.77
13/5/2021,124.97
14/5/2021,127.45
17/5/2021,126.27
18/5/2021,124.85
19/5/2021,124.69
20/5/2021,127.31
21/5/2021,125.43
24/5/2021,127.10
25/5/2021,126.90
26/5/2021,126.85
27/5/2021,125.28
28/5/2021,124.61
1/6/2021,124.28
2/6/2021,125.06
3/6/2021,123.54
4/6/2021,125.89
7/6/2021,125.90
8/6/2021,126.74
9/6/2021,127.13
10/6/2021,126.11
11/6/2021,127.35
14/6/2021,130.48
15/6/2021,129.64
16/6/2021,130.15
17/6/2021,131.79
18/6/2021,130.46
21/6/2021,132.30
22/6/2021,133.98
23/6/2021,133.70
24/6/2021,133.41
25/6/2021,133.11
28/6/2021,134.78
29/6/2021,136.33
30/6/2021,136.96
1/7/2021,137.27
2/7/2021,139.96
6/7/2021,142.02
7/7/2021,144.57
8/7/2021,143.24
9/7/2021,145.11
12/7/2021,144.50
13/7/2021,145.64
14/7/2021,149.15
15/7/2021,148.48
16/7/2021,146.39
19/7/2021,142.45
20/7/2021,146.15
21/7/2021,145.40
22/7/2021,146.80
23/7/2021,148.56
26/7/2021,148.99
27/7/2021,146.77
28/7/2021,144.98
29/7/2021,145.64
30/7/2021,145.86
2/8/2021,145.52
3/8/2021,147.36
4/8/2021,146.95
5/8/2021,147.06
6/8/2021,146.14
9/8/2021,146.09
10/8/2021,145.60
11/8/2021,145.86
12/8/2021,148.89
13/8/2021,149.10
16/8/2021,151.12
17/8/2021,150.19
18/8/2021,146.36
19/8/2021,146.70
20/8/2021,148.19
23/8/2021,149.71
24/8/2021,149.62
25/8/2021,148.36
26/8/2021,147.54
27/8/2021,148.60
30/8/2021,153.12
31/8/2021,151.83
1/9/2021,152.51
2/9/2021,153.65
3/9/2021,154.30
7/9/2021,156.69
8/9/2021,155.11
9/9/2021,154.07
10/9/2021,148.97
13/9/2021,149.55
14/9/2021,148.12
15/9/2021,149.03
16/9/2021,148.79
17/9/2021,146.06
20/9/2021,142.94
21/9/2021,143.43
22/9/2021,145.85
23/9/2021,146.83
24/9/2021,146.92
27/9/2021,145.37
28/9/2021,141.91
29/9/2021,142.83
30/9/2021,141.50
1/10/2021,142.65
4/10/2021,139.14
5/10/2021,141.11
6/10/2021,142.00
7/10/2021,143.29
8/10/2021,142.90
11/10/2021,142.81
12/10/2021,141.51
13/10/2021,140.91
14/10/2021,143.76
15/10/2021,144.84
18/10/2021,146.55
19/10/2021,148.76
20/10/2021,149.26
21/10/2021,149.48
22/10/2021,148.69
25/10/2021,148.64
26/10/2021,149.32
27/10/2021,148.85
28/10/2021,152.57
29/10/2021,149.80
1/11/2021,148.96
2/11/2021,150.02
3/11/2021,151.49
4/11/2021,150.96
5/11/2021,151.28
8/11/2021,150.44
9/11/2021,150.81
10/11/2021,147.92
11/11/2021,147.87
12/11/2021,149.99
15/11/2021,150.00
16/11/2021,151.00
17/11/2021,153.49
18/11/2021,157.87
19/11/2021,160.55
22/11/2021,161.02
23/11/2021,161.41
24/11/2021,161.94
26/11/2021,156.81
29/11/2021,160.24
30/11/2021,165.30
1/12/2021,164.77
2/12/2021,163.76
3/12/2021,161.84
6/12/2021,165.32
7/12/2021,171.18
8/12/2021,175.08
9/12/2021,174.56
10/12/2021,179.45
13/12/2021,175.74
14/12/2021,174.33
15/12/2021,179.30
16/12/2021,172.26
17/12/2021,171.14
20/12/2021,169.75
21/12/2021,172.99
22/12/2021,175.64
23/12/2021,176.28
27/12/2021,180.33
28/12/2021,179.29
29/12/2021,179.38
30/12/2021,178.20
31/12/2021,177.57
